[
  {
		"name": "Titanium - Unpainted",
		"optionID": 3,
		"thumbnailURL": "images/d_panel_1.png",
		"desc": "Titanium is a strong, beautiful material for a wheelchair frame",
		"weight": 0
  },
  {
    "name": "Magnesium - Painted",
    "optionID": 4,
    "thumbnailURL": "images/d_panel_1.png",
    "desc": "Magnesium is even lighter than Titanium, and it can be painted to any color you want!",
    "weight": -0.1
  },
  {
    "name": "Anodized Aluminum Brackets",
    "optionID": 15,
    "thumbnailURL": "images/d_panel_1.png",
    "desc": "These brackets hold the camber tube to the frame.",
    "weight": 0
  },
  {
    "name": "Carbon Fiber",
    "optionID": 20,
    "thumbnailURL": "images/d_panel_1.png",
    "desc": "A super light and stiff backrest.",
    "weight": 0
  },
  {
    "name": "Plastic",
    "optionID": 21,
    "thumbnailURL": "images/d_panel_1.png",
    "desc": "Nothing beats the simplicity and ease of maintenance of a plastic seat back.",
    "weight": 0.1
  },
  {
    "name": "Upholstery",
    "optionID": 22,
    "thumbnailURL": "images/d_panel_1.png",
    "desc": "A clasic fabric sling is the lightest option.",
    "weight": -0.07
  },
  {
    "name": "DT Swiss Wheel Rim",
    "optionID": 24,
    "thumbnailURL": "images/d_panel_1.png",
    "desc": "The DT Swiss Wheel Rim is the lightest and most stiff option out there.",
    "weight": 0
  },
  {
    "name": "Titanium",
    "optionID": 28,
    "thumbnailURL": "images/d_panel_1.png",
    "desc": "Titanium is strong and light, but easily dented",
    "weight": 0
  },
  {

    "name": "Black Anodized Aluminum",
    "optionID": 29,
    "thumbnailURL": "images/d_panel_1.png",
    "desc": "The aluminum hand rim is more dent resistant and slightly heavier.",
    "weight": 0.1
  },
  {
    "name": "Q-Grip from Out-front",
    "optionID": 30,
    "thumbnailURL": "images/d_panel_1.png",
    "desc": "The Q-Grip hand rim is great for those with low hand dexterity",
    "weight": 0.2
  },
  {
    "name": "Rightrun",
    "optionID": 32,
    "thumbnailURL": "images/d_panel_1.png",
    "desc": "Rightrun tires offer style and lightness.",
    "weight": 0.09
  },
  {
    "name": "Schwalbe Low Tread",
    "optionID": 33,
    "thumbnailURL": "images/d_panel_1.png",
    "desc": "Schwalbe makes an excelent tire",
    "weight": 0
  },
  {
    "name": "Extra light",
    "optionID": 36,
    "thumbnailURL": "images/d_panel_1.png",
    "desc": "The lightest weight innertube around!",
    "weight": 0
  },
  {
    "name": "Standard",
    "optionID": 37,
    "thumbnailURL": "images/d_panel_1.png",
    "desc": "The standard tire is more puncture resistant, but slightly heavier",
    "weight": 0.033
  },
  {
    "name": "Aluminum",
    "optionID": 39,
    "thumbnailURL": "images/d_panel_1.png",
    "desc": "Standard monofork caster",
    "weight": 0
  },
  {
    "name": "Softroller",
    "optionID": 40,
    "thumbnailURL": "images/d_panel_1.png",
    "desc": "The Softroller offers some bounce to your ride.",
    "weight": 0
  },
  {
    "name": "Out-Front Brakes",
    "optionID": 42,
    "thumbnailURL": "images/d_panel_1.png",
    "desc": "Tried and true standard brakes",
    "weight": 0.1
  },
  {
    "name": "Single Hand Operating Brakes",
    "optionID": 43,
    "thumbnailURL": "images/d_panel_1.png",
    "desc": "Compact, reliable, and opperable with just one hand.",
    "weight": 0
  },
  {
    "name": "No Brakes",
    "optionID": 44,
    "thumbnailURL": "images/d_panel_1.png",
    "desc": "Cutting weight? Live life on the edge with no wheel locksÖ you rebel you.",
    "weight": -0.2
  }
]
